#{"t_start": 1782324945.1868882, "env_id": "None"}
r,l,t
-64.44,1000,1.852059--69.32,1000,2.702096424.84,644,12.102199-105.64,1000,12.9103-73.84,1000,13.960063
-64.44,1000,22.9626464.44.4,940,24.1110513.57.68,423,24.500854.566.-10.88,862,25-111.-107.84,1000,33.65-82.04-26.96,980,34.45716.04,790,34.803448-8-98.4,1000,43.930114
60.96,896,44.7017-62.-110.64,1000,45.919384
54.-80.12,943,54.614356
-15.0,676,55.146-28.293.44,252,55.352810.08,696,56.186802
-80.76,1000,64.788786
63.52,474,65.166234
53.16,502,65.961092
7222.48,517,66.2089768871.16,386,66.5760384661.44,382,74.6665868.75.68,356,74.9571335.89.36,358,75.6513-80.56,1000,76.440369
65.0,400,76.757283
85.72,295,85.237967
59.32,439,85.991324
-10.08,528,86.45864
8116.92,550,86.716175-19.28,645,87.169874
78.24,228,87.361612
53.04,361,87.494703
81.04,382,95.92597
8.0,947,96.722955
65.0,400,97.043975
75.72,354,97.329531
40.16,417,98-123.56,152.52,338,106.9.16,54632.16,425,10652.2,354,40.8-198.24,1000,107.224.04,388.6,200,107.3977.36,84.84,241,107.9864.0,4-10.4,838,108.725.68,582.32,269,109.484.52,265.88,307,109.667.2,4358.4,387,109.992647
76.76,302,110.682848
82.48,310,110.926538
4.0,706,111.492949
58.24,542,120.021244
75.24,476,120.856699
75.88,444,121.241185
83.92,189,121.401646
64.56,373,121.716197
102.96,119,121.813627
71.76,307,122.064243
101.76,130,122.16792
96.44,151,122.291332
29.12,479,123.632303
80.84,196,123.793517
85.92,187,123.955746
74.24,281,124.178393
93.6,146,124.295449
81.4,168,124.483166
64.92,257,124.688137
67.04,249,124.892316
101.32,152,125.016669
83.24,174,125.161045
92.04,273,133.86676
83.48,309,134.113094
99.52,144,134.230103
52.2,403,134.617343
104.48,92,134.691607
43.4,353,134.980352
95.8,134,135.097216
98.8,131,135.204707
74.52,169,135.344809
66.04,299,135.990313
93.44,154,136.119052
80.16,230,136.30191
100.6,139,144.023169
81.96,189,144.175036
85.48,258,144.491939
95.72,187,144.644602
100.96,121,144.754877
72.04,342,145.029737
96.64,141,145.142349
97.64,189,145.740446
69.68,264,145.952354
101.12,162,146.083236
90.24,167,146.212893
100.0,120,146.308216
103.84,124,146.458738
91.44,107,146.550125
103.0,117,154.593404
83.8,244,154.78913
101.88,124,154.890873
88.88,235,155.082288
94.08,122,155.182451
37.2,565,156.041025
90.52,153,156.163712
99.04,119,156.257215
98.72,184,156.453119
99.4,101,156.53874
100.44,98,156.617736
79.36,221,156.797074
104.0,116,156.894062
100.56,92,156.968887
80.16,181,165.047314
95.16,117,165.147064
97.16,115,165.244233
67.6,417,165.968194
102.52,190,166.123973
100.44,98,166.204002
92.28,163,166.339215
103.76,128,166.492902
96.4,153,166.620234
103.48,93,166.696537
104.52,90,166.76924
103.36,99,166.850243
97.44,150,166.971476
98.44,149,167.091482
98.6,141,167.206901
91.04,225,167.391617
100.08,116,168.454452
102.2,157,46.96,518,16102.2,108,91.88,281,1687.08,325,104.56,88,16101.08,115103.52,91,16996.44,151,169.162239
104.24,104,169.248455
104.08,112,169.343294
104.8,76103.08,113,1698.08,118,81.12,280,169.661649
102.4,98,16987.24,26894.8,233,169.974967
100.6,90,170.053355
101.52,93,170.131744
85.56,205,170.71921
99.84,128,170.827032
103.76,79,170.895894
96.0,173,178.9433
102.44,96,179.023898
100.16,112,179.114828
101.24,107,179.204754
104.12,110,179.292998
103.52,140,179.411944
103.64,85,179.484369
104.64,84,179.557306
103.24,105,179.645128
104.48,92,179.723617
99.4,150,179.85025
82.2,226,180.034748
75.2,282,180.672099
103.44,95,180.749695
101.88,124,180.853503
104.72,80,180.915748
94.24,163,181.050954
104.4,96,181.128377
104.08,112,181.221037
93.88,181,189.177686
103.72,81,189.247364
95.8,134,189.361387
97.88,128,189.467898
104.28,102,189.553053
103.52,91,189.631606
97.92,126,189.741159
104.76,78,189.805183
103.48,93,189.879397
104.08,112,189.976383
100.6,139,190.089041
104.4,96,190.592744
104.76,78,190.660384
104.16,108,190.752145
104.56,88,190.827686
104.6,86,190.899629
104.76,78,190.964605
104.8,76,191.029163
104.92,70,191.08966
104.04,114,191.186113
99.56,142,191.307945
103.48,93,191.390369
104.8,76,191.458242
104.72,80,191.526022
102.88,123,191.632566
104.72,80,199.593959
103.68,83,199.68003
90.44,353,199.985951
104.88,72,200.04649
104.16,108,200.135809
104.68,82,200.205276
104.92,70,200.726206
103.88,73,200.789145
104.84,74,200.85353
104.64,84,200.923253
104.92,70,200.981407
104.44,94,201.05907
103.88,73,201.122832
104.76,78,102.88,123,2104.92,70,2104.4,96,20102.6,88,104.6,86,201104.64,8104.84,74,201.104.56,8104.92,70,201.98.36,10104.52,90,201103.12,1199.52,144,201.103.76,7104.56,88,201.103.48,9100.92,123,201104.4,96,102.96,119,201.98876
104.68,82,202.061579
104.76,78,202.12879
104.92,70,210.007546
104.76,78,210.076794
104.88,72,210.140404
102.4,147,210.684317
104.84,74,210.746831
104.4,96,210.827955
104.56,88,210.901955
104.96,68,210.960982
105.0,66,211.018144
104.4,96,211.10001
104.96,68,211.157862
104.52,90,211.233361
104.84,74,211.297188
103.72,130,211.406079
104.84,74,211.473489
104.96,68,211.532003
104.64,84,211.606827
104.96,68,211.670001
104.76,78,211.740059
104.76,78,211.801878
97.64,238,211.997859
104.88,72,212.059768
104.88,72,212.121241
104.88,72,212.181806
104.6,86,212.254217
104.68,82,212.322306
104.96,68,212.427547
103.6,87,212.904232
104.12,110,220.845493
104.2,106,220.934639
104.68,82,221.002987
104.84,74,221.069325
104.84,74,221.135781
104.56,88,221.212534
104.92,70,221.274421
103.64,85,221.350094
104.52,90,221.428203
104.88,72,221.490827
104.52,90,221.572566
104.96,68,221.636217
104.96,68,221.695514
102.88,74,221.75704
103.48,142,221.876742
104.84,74,221.940135
104.88,72,222.001301
104.88,72,222.06417
104.96,68,222.118737
103.0,68,222.177467
104.44,94,222.260612
104.92,70,222.318357
104.8,76,222.431318
104.8,76,222.498851
104.88,72,222.961904
104.88,72,223.023385
104.92,70,223.083244
104.92,70,223.142335
104.96,68,223.203689
104.64,84,223.277789
105.0,66,223.334902
104.92,70,223.399023
104.64,84,231.335381
104.96,68,231.397585
104.84,74,2399.32,154,104.68,82,23104.92,70,104.88,72,23104.92,70,105.0,66,231104.84,74104.96,68,231104.96,68104.32,100,231.803567
104.48,92,231.882028
105.0,66,231.938734
104.88,72,231.998823
104.8,76,232.064401
104.96,68,232.122339
105.04,64,232.176493
104.76,78,232.242119
104.96,68,232.300446
104.88,72,232.403281
105.0,66,232.467402
104.84,74,232.532048
104.96,68,104.36,98,23104.88,72,104.96,68,2104.84,74,2104.84,74,2104.88,72,2105.04,64,2105.04,64,2104.76,78,2104.96,68,2104.8,76,23104.88,72,104.96,68,2104.92,70,2104.52,90,2105.0,66,23105.0,66,2104.96,68,2104.96,68,2104.92,70,2104.6,86,23104.96,68,104.92,70,23104.96,68,104.72,80,233.778009
105.0,66,233104.76,78104.72,80,233.904717
101.8,128,234.569964
104.84,74,234.63199
104.8,76,234.699426
104.92,70,234.76083
104.8,76,234.825466
103.36,148,234.95162
104.76,78,235.017918
104.96,68,235.077654
104.8,76,235.143175
104.64,84,235.217957
105.0,66,235.277208
105.04,64,235.333047
104.92,70,235.803781
104.88,72,235.864543
105.0,66,235.923719
104.6,86,235.996759
104.92,70,236.055345
105.0,66,236.114568
104.72,80,236.184901
105.04,64,236.239656
104.32,100,236.32621
105.04,64,236.427822
104.84,74,236.496437
105.04,64,236.55091
104.36,98,236.638155
104.96,68,236.698766
104.92,70,236.758374
105.0,66,236.816063
105.04,64,236.869817
105.04,64,236.991794
104.96,68,237.049955
104.92,70,237.111597
104.92,70,237.171726
104.88,72,237.748045
105.0,66,237.805753
105.0,66,237.862209
105.0,66,237.921665
105.0,66,237.97683
104.96,68,238.035717
104.88,72,238.096215
104.96,68,238.155674
104.68,82,238.669626
104.68,82,238.739748
104.96,68,238.797974
104.96,68,238.857002
105.04,64,238.910283
105.04,64,238.964875
104.64,84,239.037793
105.04,64,239.091422
104.84,74,239.156787
105.04,64,239.210304
104.68,82,239.28213
104.8,76,239.349769
104.68,82,239.41892
104.8,76,239.489217
104.96,68,239.551692
104.96,68,239.613352
105.0,66,239.674719
104.92,70,239.736711
104.92,70,239.795612
104.84,74,239.862324
105.0,66,239.917819
104.92,70,239.97924
104.0,67,240.036195
104.88,72,240.096564
104.88,72,240.158648
104.8,76,240.221497
103.68,83,240.292571
104.96,68,240.928365
105.04,64,241.359773
105.04,64,241.415505
105.0,66,241.480019
105.0,66,241.539015
105.04,64,241.59745
104.96,68,241.659332
104.72,80,241.730394
105.04,64,241.786687
104.36,98,241.870421
105.0,66,241.92718
104.88,72,241.989291
104.76,78,242.054337
104.84,74,242.120588
104.88,72,242.183322
105.04,64,242.237346
104.88,72,242.302573
104.92,70,242.412294
99.04,70,242.476964
104.96,68,242.538625
104.72,80,242.608359
104.84,74,242.671023
105.0,66,242.730158
105.04,64,242.783401
105.04,64,242.84133
105.0,66,242.902349
105.04,64,242.956859
104.48,92,243.036723
105.04,64,243.095439
105.0,66,243.15307
104.88,72,243.627561
105.0,66,243.685921
104.88,72,243.751989
105.0,66,243.810158
105.04,64,243.865856
105.04,64,243.922751
105.0,66,244.535476
104.92,70,244.59484
102.92,72,244.657888
105.04,64,244.712898
105.04,64,244.768534
105.0,66,244.827768
105.0,66,244.884616
105.04,64,244.94083
104.88,72,245.001634
104.0,67,245.061052
105.04,64,245.115111
104.92,70,245.177642
104.96,68,245.238744
105.04,64,245.295363
103.4,97,245.381119
104.72,80,245.453169
105.0,66,245.511897
104.84,74,245.578154
104.88,72,245.643524
105.0,66,245.703665
105.04,64,245.760932
105.04,64,245.816251
105.04,64,245.873557
105.04,64,245.926871
105.04,64,246.426189
105.04,64,246.489446
105.0,66,246.546425
105.04,64,246.600614
105.04,64,246.654124
104.96,68,246.712568
105.04,64,246.768852
105.0,66,246.824752
105.04,64,246.881228
104.96,68,246.937745
104.92,70,247.032187
105.04,64,247.089077
104.84,74,247.154491
105.0,66,247.727661
104.96,68,247.785458
104.96,68,247.842377
105.04,64,247.90101
105.0,66,247.954401
105.0,66,248.012913
104.96,68,248.071152
105.04,64,248.12605
105.0,66,248.183563
104.96,68,248.24018
105.0,66,248.297634
105.0,66,248.397466
105.0,66,248.462137
101.96,71,248.528883
104.84,74,248.592371
105.0,66,248.648176
104.84,74,248.71487
105.04,64,248.769867
105.04,64,249.183213
105.0,66,249.244712
105.04,64,249.302063
105.04,64,249.357175
105.04,64,249.414535
104.04,65,249.472301
105.0,66,249.534636
105.0,66,249.593746
105.0,66,249.656226
105.04,64,249.714439
103.96,69,249.772507
105.04,64,249.828531
105.04,64,249.882219
105.04,64,249.938359
105.0,66,249.99339
105.0,66,250.050157
105.04,64,250.10445
105.04,64,250.15922
105.0,66,250.216371
105.0,66,250.823565
105.0,66,250.88155
105.0,66,250.942108
105.04,64,250.995523
105.04,64,251.052328
104.96,68,251.110068
104.96,68,251.171313
104.92,70,251.234143
105.04,64,251.29022
105.0,66,251.350299
105.04,64,251.406111
105.04,64,251.464872
105.04,64,251.901856
104.84,74,251.965111
104.84,74,252.061679
104.92,70,252.119936
104.92,70,252.181049
104.96,68,252.239821
105.04,64,252.29381
105.04,64,252.388902
105.04,64,252.456828
105.04,64,252.513987
104.92,70,252.575504
105.04,64,252.630261
105.0,66,252.688477
101.0,70,252.75018
105.04,64,252.806217
105.04,64,252.86611
105.04,64,252.921908
105.04,64,252.978884
105.04,64,253.033942
105.04,64,253.091733
104.84,74,253.156243
105.04,64,253.212698
105.04,64,253.270864
105.0,66,253.328614
104.92,70,253.392617
105.0,66,253.450601
104.96,68,254.045398
104.96,68,254.106388
105.04,64,254.16071
105.04,64,254.218629
105.04,64,254.274881
105.04,64,254.762388
105.04,64,254.819335
105.04,64,254.873876
104.92,70,254.935196
105.04,64,254.991115
104.92,70,255.051037
105.0,66,255.109043
104.96,68,255.168256
105.0,66,255.227256
105.04,64,255.283743
105.04,64,255.338617
104.84,74,255.405063
104.96,68,255.464367
105.0,66,255.523158
105.04,64,255.579054
105.04,64,255.637149
105.04,64,255.697251
105.04,64,255.753214
105.04,64,255.809752
105.04,64,255.864069
105.04,64,255.919981
105.0,66,255.975654
104.92,70,256.036654
104.96,68,256.099024
105.04,64,256.156848
105.04,64,256.213555
105.04,64,256.267972
104.72,80,256.33597
105.04,64,256.438168
104.92,70,256.499257
105.04,64,256.557547
105.04,64,257.052205
105.04,64,257.105766
105.0,66,257.67551
105.0,66,257.737549
105.04,64,257.791435
105.04,64,257.847974
105.0,66,257.906039
105.04,64,257.962139
105.04,64,258.015712
105.04,64,258.072188
105.0,66,258.12953
105.0,66,258.186255
104.88,72,258.24814
105.0,66,258.305406
105.04,64,258.410589
105.04,64,258.469944
105.0,66,258.527014
105.04,64,258.585995
105.04,64,258.642204
104.0,67,258.701015
105.04,64,258.756752
105.0,66,258.812129
105.0,66,258.870166
105.04,64,258.92488
105.0,66,258.981848
105.04,64,259.035652
105.04,64,259.091983
105.04,64,259.147995
105.04,64,259.203316
105.04,64,259.26138
105.04,64,259.317187
105.0,66,259.764895
105.0,66,259.820807
104.92,70,259.8829
104.8,76,259.946657
105.04,64,260.003451
105.04,64,260.059971
105.04,64,260.115238
105.04,64,260.171425
105.0,66,260.227812
105.04,64,260.833905
105.04,64,260.889503
105.04,64,260.944732
105.04,64,261.001467
104.96,68,261.05869
105.04,64,261.114827
104.64,84,261.187696
105.04,64,261.243779
105.04,64,261.301237
105.04,64,261.357301
104.92,70,261.419921
105.04,64,261.476257
105.0,66,261.535801
103.04,66,261.595229
105.04,64,261.65359
105.04,64,261.713869
105.04,64,261.769753
105.04,64,261.827245
105.04,64,261.881448
105.04,64,261.93884
105.04,64,261.993839
105.04,64,262.087795
105.04,64,262.585845
105.04,64,262.647641
105.04,64,262.70216
105.0,66,262.760817
105.04,64,262.817845
105.04,64,262.874622
105.04,64,262.932314
105.0,66,262.988411
105.0,66,263.04695
105.04,64,263.102916
105.0,66,263.16222
105.0,66,263.221565
105.04,64,263.276809
105.04,64,263.332043
104.96,68,263.391568
105.0,66,263.453196
105.04,64,264.021063
105.04,64,264.077913
105.0,66,264.136266
105.0,66,264.19257
105.0,66,264.250223
105.0,66,264.305783
105.04,64,264.408318
105.04,64,264.469548
105.0,66,264.525739
105.0,66,264.583666
105.04,64,264.640555
105.04,64,264.695531
105.04,64,264.751695
105.0,66,264.808154
105.04,64,264.864706
105.04,64,264.918933
105.04,64,265.372555
105.04,64,265.428845
105.0,66,265.490655
104.92,70,265.553302
104.96,68,265.614718
105.04,64,265.675869
105.04,64,265.731489
105.0,66,265.790167
105.04,64,265.84681
105.0,66,265.905669
104.96,68,265.963905
105.04,64,266.018942
105.0,66,266.076549
105.04,64,266.131399
105.04,64,266.18785
105.04,64,266.242351
105.0,66,266.300598
105.04,64,266.401508
105.04,64,266.462556
105.04,64,266.520411
105.04,64,266.574931
105.04,64,266.634923
105.04,64,266.692132
105.04,64,267.278625
105.04,64,267.336915
105.0,66,267.394709
105.04,64,267.452221
105.0,66,267.511067
105.04,64,267.568515
105.04,64,267.626372
105.04,64,267.684026
105.04,64,267.742094
105.0,66,268.151107
105.04,64,268.206596
104.96,68,268.263923
104.96,68,268.323343
105.04,64,268.425684
105.04,64,268.486461
105.04,64,268.543083
105.04,64,268.597268
105.04,64,268.654902
104.96,68,268.715713
105.04,64,268.770747
105.04,64,268.826938
105.0,66,268.883414
105.04,64,268.939759
105.04,64,268.993909
105.04,64,269.050444
105.04,64,269.108
105.04,64,269.165981
105.04,64,269.222748
105.04,64,269.278638
105.04,64,269.337111
105.0,66,269.394263
105.04,64,269.452433
105.04,64,269.508425
105.04,64,269.566561
105.0,66,269.625612
105.04,64,269.68506
105.04,64,269.7434
105.04,64,269.79752
105.04,64,270.38539
105.04,64,270.458109
105.04,64,270.917159
105.04,64,270.983751
105.04,64,271.03927
105.04,64,271.09708
105.0,66,271.156248
105.04,64,271.212887
105.04,64,271.271314
105.04,64,271.327368
105.0,66,271.387208
105.04,64,271.442685
105.04,64,271.500948
105.04,64,271.55907
105.0,66,271.619771
105.04,64,271.679125
105.04,64,271.734438
105.04,64,271.791064
105.04,64,271.845356
105.04,64,271.901385
105.04,64,271.953989
105.04,64,272.010245
105.04,64,272.065859
105.04,64,272.121541
105.04,64,272.178235
105.04,64,272.232408
105.04,64,272.288366
105.04,64,272.373625
105.04,64,272.450033
105.04,64,272.507809
105.04,64,272.563452
105.04,64,272.620162
105.04,64,272.673821
105.04,64,272.733485
105.0,66,273.169294
105.04,64,273.230608
105.04,64,273.286053
105.04,64,273.344641
105.04,64,273.402334
104.96,68,273.975409
105.0,66,274.034474
105.04,64,274.089497
105.0,66,274.148631
105.04,64,274.203767
105.04,64,274.261109
105.04,64,274.317866
105.04,64,274.422844
104.96,68,274.485995
105.04,64,274.542661
105.04,64,274.597284
105.04,64,274.654553
105.04,64,274.709437
105.04,64,274.768058
105.04,64,274.825481
105.04,64,274.881423
104.88,72,274.94565
105.04,64,275.000745
105.04,64,275.059726
105.04,64,275.114622
105.04,64,275.175746
105.04,64,275.234535
105.04,64,275.290926
105.04,64,275.348567
105.04,64,275.40483
105.04,64,275.462611
105.04,64,275.519767
105.04,64,276.029777
105.04,64,276.087009
105.04,64,276.143508
105.04,64,276.199064
105.04,64,276.256247
105.04,64,276.311419
104.96,68,276.419242
105.04,64,276.482299
105.04,64,276.537727
105.04,64,276.595351
105.04,64,276.652492
105.04,64,276.710012
105.04,64,277.283153
105.04,64,277.339648
105.04,64,277.398011
105.04,64,277.454572
105.04,64,277.514008
105.04,64,277.572192
105.04,64,277.630375
105.04,64,277.691695
105.04,64,277.747227
105.04,64,277.805168
105.04,64,277.860297
105.04,64,277.919309
105.04,64,277.975764
105.04,64,278.032339
105.0,66,278.091616
105.04,64,278.146215
105.04,64,278.204023
105.04,64,278.259454
105.0,66,278.318505
105.04,64,278.43351
104.96,68,278.917731
105.04,64,278.972904
105.04,64,279.029814
105.04,64,279.086912
105.04,64,279.144325
105.04,64,279.202626
105.04,64,279.258024
105.04,64,279.317155
105.04,64,279.372758
105.04,64,279.430229
105.04,64,279.487116
105.04,64,279.54671
105.04,64,279.604601
105.04,64,279.664488
105.0,66,279.727608
105.04,64,279.782544
105.04,64,279.839796
105.04,64,279.894571
105.04,64,279.951625
105.04,64,280.564659
105.04,64,280.62709
105.04,64,280.724308
105.04,64,280.780499
104.96,68,280.840901
105.04,64,280.895835
105.04,64,280.953233
105.04,64,281.007454
105.04,64,281.064623
105.04,64,281.121798
105.0,66,281.18057
105.04,64,281.238446
105.04,64,281.712399
103.0,68,281.772547
105.04,64,281.828514
105.04,64,281.883612
105.04,64,281.940247
105.04,64,281.994975
105.04,64,282.052037
105.04,64,282.108255
104.96,68,282.168458
105.04,64,282.223248
105.04,64,282.279819
105.04,64,282.33588
105.04,64,282.442563
105.04,64,282.499845
105.04,64,282.557484
105.04,64,282.612689
105.04,64,282.670172
105.04,64,282.725562
105.04,64,282.783756
105.04,64,282.842389
105.04,64,282.899964
105.04,64,282.956888
105.0,66,283.013605
105.04,64,283.070166
105.04,64,283.126126
105.04,64,283.184367
105.04,64,283.240132
105.04,64,283.818946
105.04,64,283.876479
104.96,68,283.934682
105.04,64,283.99179
105.04,64,284.045958
105.04,64,284.535386
105.04,64,284.592576
105.04,64,284.648003
103.0,68,284.708674
105.04,64,284.763792
105.04,64,284.823764
105.04,64,284.880701
105.04,64,284.936516
105.04,64,284.993953
105.04,64,285.048951
105.0,66,285.108329
105.04,64,285.164732
105.04,64,285.223091
105.04,64,285.278868
105.04,64,285.339694
105.04,64,285.39801
105.04,64,285.454884
105.04,64,285.514564
105.04,64,285.573743
105.04,64,285.633595
105.0,66,285.694205
105.04,64,285.74982
105.04,64,285.807582
105.04,64,285.862709
105.0,66,285.921548
105.04,64,285.975798
105.04,64,286.032446
105.0,66,286.088685
105.04,64,286.145388
105.04,64,286.202157
105.04,64,286.257941
105.04,64,286.314914
105.04,64,286.834391
105.04,64,286.890569
105.04,64,287.495985
105.0,66,287.55701
105.04,64,287.61348
105.04,64,287.674996
105.04,64,287.734089
105.04,64,287.788555
105.04,64,287.845457
105.04,64,287.90158
105.04,64,287.958034
105.04,64,288.011879
105.04,64,288.06899
105.04,64,288.123127
105.0,66,288.180856
105.04,64,288.236599
105.04,64,288.29188
105.04,64,288.390713
105.04,64,288.461946
104.96,68,288.52195
105.04,64,288.579712
105.04,64,288.637611
105.04,64,288.693272
105.04,64,288.788733
105.04,64,288.845315
105.04,64,288.903454
105.0,66,288.961821
105.04,64,289.016872
105.04,64,289.074226
105.04,64,289.129831
105.04,64,289.187307
105.04,64,289.244579
105.04,64,289.709371
105.04,64,289.767868
105.04,64,289.822956
105.04,64,289.880209
105.04,64,289.935188
105.04,64,289.992112
105.04,64,290.056032
105.04,64,290.111419
105.04,64,290.167825
105.04,64,290.774054
105.04,64,290.830359
105.04,64,290.890242
105.04,64,290.945175
105.04,64,291.002385
105.04,64,291.057176
105.04,64,291.115112
105.04,64,291.170639
105.04,64,291.229349
105.04,64,291.288266
105.04,64,291.343891
105.04,64,291.401946
105.04,64,291.458047
105.04,64,291.51717
104.84,74,291.583168
105.04,64,291.641378
105.04,64,291.70196
105.04,64,291.756126
105.04,64,291.813299
105.04,64,291.869113
105.04,64,291.926872
105.04,64,291.981428
105.04,64,292.039103
105.04,64,292.534916
105.04,64,292.589804
105.04,64,292.647477
105.04,64,292.703948
105.04,64,292.759891
105.04,64,292.81753
105.0,66,292.87552
105.0,66,292.937211
105.04,64,292.991591
105.04,64,293.048934
105.04,64,293.105562
105.04,64,293.162199
105.04,64,293.220894
105.04,64,293.276624
105.04,64,293.335166
105.04,64,293.899053
105.04,64,293.986126
105.04,64,294.044482
105.04,64,294.099972
105.04,64,294.159526
105.04,64,294.214653
105.0,66,294.273219
105.04,64,294.329383
105.04,64,294.439786
105.0,66,294.498208
105.04,64,294.556128
105.04,64,294.61159
105.04,64,294.669162
105.04,64,294.724104
105.04,64,294.781481
104.04,65,294.838964
105.04,64,294.894684
105.04,64,295.35808
105.04,64,295.415003
105.04,64,295.474433
105.04,64,295.530095
105.04,64,295.590598
105.04,64,295.653278
105.0,66,295.712018
104.92,70,295.773162
104.88,72,295.832976
105.04,64,295.889274
105.04,64,295.942965
105.04,64,295.99922
105.04,64,296.055073
105.04,64,296.109649
105.04,64,296.165808
105.04,64,296.220435
105.04,64,296.276187
105.04,64,296.331008
105.04,64,296.437603
105.04,64,296.497972
105.04,64,296.551894
105.04,64,296.609173
105.04,64,297.162242
105.04,64,297.220603
105.04,64,297.275536
105.04,64,297.333648
105.04,64,297.390826
105.04,64,297.446594
105.04,64,297.504958
105.04,64,297.561637
105.04,64,297.620702
105.04,64,298.034423
105.04,64,298.116327
105.04,64,298.170391
105.04,64,298.2291
105.0,66,298.284804
105.04,64,298.376467
105.04,64,298.454183
105.0,66,298.512879
105.04,64,298.567254
105.04,64,298.624193
105.04,64,298.679162
105.04,64,298.735871
105.04,64,298.790627
105.04,64,298.848384
105.0,66,298.906743
105.04,64,298.964448
105.04,64,299.021337
105.04,64,299.076187
105.04,64,299.132763
105.04,64,299.187719
105.04,64,299.247054
105.04,64,299.301676
105.04,64,299.361495
105.04,64,299.419601
105.04,64,299.476583
105.04,64,299.534413
105.0,66,299.591321
105.04,64,299.65265
105.04,64,299.710282
105.04,64,299.767205
105.04,64,300.313687
105.04,64,300.418658
105.04,64,300.875449
105.04,64,300.92984
105.04,64,300.988923
105.04,64,301.046247
105.04,64,301.102121
105.04,64,301.159918
105.04,64,301.215427
105.04,64,301.273017
105.04,64,301.328558
105.04,64,301.387226
105.04,64,301.443626
105.04,64,301.500241
105.04,64,301.558562
105.04,64,301.618357
105.04,64,301.680348
105.04,64,301.735748
105.04,64,301.792912
105.04,64,301.849871
105.04,64,301.90595
105.04,64,301.962927
104.96,68,302.02252
105.04,64,302.079816
105.04,64,302.134691
105.04,64,302.191511
105.04,64,302.245704
105.04,64,302.302837
105.04,64,302.401106
105.0,66,302.46553
105.04,64,302.523661
105.04,64,302.578198
104.68,82,302.649242
105.04,64,302.706892
105.04,64,303.166052
105.04,64,303.224215
105.04,64,303.279307
105.04,64,303.338626
105.04,64,303.392907
105.04,64,303.959332
105.04,64,304.015356
105.04,64,304.06998
105.04,64,304.127077
105.04,64,304.181424
105.04,64,304.238214
105.04,64,304.293354
105.04,64,304.395786
105.04,64,304.460652
105.04,64,304.517953
105.04,64,304.574258
104.96,68,304.634367
105.04,64,304.688712
105.04,64,304.745622
105.04,64,304.800044
105.04,64,304.85893
105.04,64,304.913077
105.04,64,304.970502
105.04,64,305.028325
105.04,64,305.083649
105.04,64,305.141245
105.04,64,305.197707
105.0,66,305.257949
105.04,64,305.314
105.04,64,305.372528
105.04,64,305.429648
105.04,64,305.485959
105.04,64,305.909614
105.04,64,305.96625
105.04,64,306.020494
105.04,64,306.077154
104.96,68,306.13378
105.04,64,306.190735
105.04,64,306.246331
105.04,64,306.30144
105.04,64,306.407407
105.04,64,306.505808
105.04,64,306.565084
105.04,64,306.620604
105.04,64,307.197472
105.04,64,307.255276
105.04,64,307.342631
105.04,64,307.402751
105.04,64,307.462062
105.04,64,307.521776
105.04,64,307.580907
105.04,64,307.639435
105.04,64,307.699485
105.04,64,307.754575
105.04,64,307.811782
105.04,64,307.868966
105.04,64,307.927129
105.04,64,307.984884
105.04,64,308.040488
105.04,64,308.100268
105.04,64,308.181567
105.04,64,308.236975
105.04,64,308.294079
105.04,64,308.386755
105.04,64,308.851161
105.04,64,308.910109
105.04,64,308.965389
105.0,66,309.035623
105.04,64,309.095552
105.04,64,309.156371
105.0,66,309.216907
105.04,64,309.274123
105.04,64,309.332747
105.04,64,309.390779
105.04,64,309.449626
105.04,64,309.50868
104.96,68,309.570288
105.04,64,309.630922
105.04,64,309.689777
105.04,64,309.748257
105.04,64,309.805125
105.04,64,309.860396
105.04,64,309.917336
104.96,68,310.535161
105.04,64,310.590392
105.04,64,310.647841
105.04,64,310.703136
105.04,64,310.76085
105.04,64,310.817252
105.04,64,310.873703
105.04,64,310.931322
105.04,64,310.986488
105.04,64,311.050746
105.04,64,311.108812
105.04,64,311.166487
105.04,64,311.607941
105.04,64,311.66955
105.04,64,311.728571
105.04,64,311.784683
105.04,64,311.841508
105.04,64,311.897741
105.04,64,311.955058
105.04,64,312.009902
105.04,64,312.069253
105.04,64,312.124701
105.04,64,312.183238
105.04,64,312.239716
105.04,64,312.296308
105.04,64,312.394953
105.04,64,312.459404
105.04,64,312.515011
105.04,64,312.571918
105.04,64,312.626191
105.04,64,312.68275
105.04,64,312.738619
105.04,64,312.795615
105.04,64,312.851995
105.04,64,312.909057
105.04,64,312.965434
105.04,64,313.020221
105.04,64,313.077751
105.04,64,313.135113
105.04,64,313.706081
105.04,64,313.762899
105.04,64,313.818596
105.04,64,313.874825
105.04,64,313.929811
105.04,64,314.46058
105.04,64,314.522615
105.04,64,314.577914
105.04,64,314.635697
105.04,64,314.691826
105.04,64,314.746969
105.04,64,314.803426
105.04,64,314.858285
105.04,64,314.914687
105.04,64,314.969319
105.04,64,315.026649
105.04,64,315.081218
105.04,64,315.141839
105.04,64,315.199
105.04,64,315.255531
105.04,64,315.312801
105.04,64,315.368852
105.04,64,315.426407
105.04,64,315.482019
105.0,66,315.542854
105.04,64,315.599833
105.04,64,315.659515
105.04,64,315.720511
105.04,64,315.776394
105.04,64,315.833611
105.04,64,315.888644
105.04,64,315.946294
105.04,64,316.001212
105.04,64,316.058613
105.04,64,316.115255
105.04,64,316.171698
105.04,64,316.228248
105.04,64,316.69964
105.04,64,316.756983
105.0,66,317.321853
105.04,64,317.38116
105.04,64,317.439452
105.04,64,317.496312
105.04,64,317.555321
105.04,64,317.614908
105.04,64,317.673788
105.04,64,317.730085
105.04,64,317.786913
105.04,64,317.843881
105.04,64,317.901772
105.04,64,317.958225
105.04,64,318.013436
105.04,64,318.070708
105.04,64,318.124865
105.04,64,318.182077
105.04,64,318.237067
105.04,64,318.294598
105.04,64,318.392354
105.04,64,318.45706
104.96,68,318.519049
105.04,64,318.577228
105.04,64,318.633029
105.04,64,318.690231
105.04,64,318.74587
105.04,64,318.8038
105.04,64,318.858521
105.04,64,318.916624
105.04,64,318.973116
105.04,64,319.028815
105.04,64,319.454486
105.04,64,319.514148
105.04,64,319.569869
105.04,64,319.630576
105.04,64,319.691637
105.04,64,319.748582
105.04,64,319.805194
105.04,64,319.860474
105.0,66,319.918852
105.04,64,320.534862
105.04,64,320.604956
105.04,64,320.662633
105.04,64,320.720181
105.04,64,320.775365
105.04,64,320.834285
105.04,64,320.890542
105.04,64,320.947921
105.04,64,321.004027
105.0,66,321.062024
105.04,64,321.119713
105.04,64,321.178006
105.04,64,321.236597
105.04,64,321.29251
105.04,64,321.352379
105.0,66,321.411944
105.04,64,321.470286
105.04,64,321.531037
105.0,66,321.590294
105.04,64,321.649438
105.04,64,321.707998
105.04,64,321.766649
105.04,64,321.823366
105.04,64,322.273768
105.04,64,322.330943
105.04,64,322.434958
105.04,64,322.497107
105.04,64,322.555858
105.04,64,322.610303
105.04,64,322.667236
105.04,64,322.721913
105.04,64,322.779119
105.04,64,322.83538
105.04,64,322.893301
105.04,64,322.950308
105.04,64,323.004991
105.04,64,323.061462
105.04,64,323.116776
105.04,64,323.686491
105.04,64,323.742252
105.04,64,323.799353
105.04,64,323.855052
105.04,64,323.910291
105.04,64,323.966389
105.04,64,324.020537
105.04,64,324.077818
105.04,64,324.136005
105.04,64,324.192539
105.04,64,324.247036
105.04,64,324.303877
105.04,64,324.40712
105.04,64,324.470557
105.04,64,324.526132
105.04,64,324.582127
105.04,64,324.636347
105.04,64,325.08036
105.04,64,325.136348
105.04,64,325.195781
105.04,64,325.253232
105.04,64,325.311256
105.04,64,325.36759
105.04,64,325.426757
105.04,64,325.483885
105.04,64,325.541132
105.04,64,325.599645
105.04,64,325.656476
105.04,64,325.716566
105.04,64,325.771566
105.04,64,325.828614
105.04,64,325.882786
105.04,64,325.939626
105.04,64,325.995537
105.04,64,326.050731
105.04,64,326.107451
105.04,64,326.16229
105.04,64,326.218462
105.04,64,326.272882
105.04,64,326.330628
105.04,64,326.951515
105.04,64,327.00846
105.04,64,327.064183
105.04,64,327.121777
105.04,64,327.177935
105.04,64,327.239423
105.04,64,327.296591
105.04,64,327.357378
105.04,64,327.4152
105.04,64,327.850526
105.04,64,327.907686
105.04,64,327.965551
105.04,64,328.02294
105.04,64,328.078812
105.04,64,328.136083
105.04,64,328.191493
105.04,64,328.249302
105.04,64,328.304731
105.04,64,328.410498
105.04,64,328.47185
105.04,64,328.527973
105.04,64,328.585324
105.04,64,328.642775
105.04,64,328.698739
105.04,64,328.79416
105.04,64,328.8519
105.04,64,328.908063
105.04,64,328.965793
105.04,64,329.021151
105.04,64,329.079731
105.04,64,329.135224
105.04,64,329.194077
105.04,64,329.254085
105.04,64,329.312834
105.04,64,329.371578
105.04,64,329.428362
105.04,64,329.487048
105.04,64,329.544152
105.04,64,329.60388
105.04,64,330.165583
105.04,64,330.221584
105.04,64,330.714299
105.04,64,330.768914
105.04,64,330.826184
105.04,64,330.881454
105.04,64,330.938375
105.04,64,330.99515
105.04,64,331.051091
105.04,64,331.108817
105.04,64,331.164917
105.04,64,331.22329
105.04,64,331.281081
105.04,64,331.33974
105.0,66,331.400071
105.04,64,331.456787
105.04,64,331.515834
105.04,64,331.572803
105.04,64,331.632042
105.04,64,331.69119
105.04,64,331.750213
105.04,64,331.807276
105.04,64,331.863028
105.04,64,331.920259
105.04,64,331.975176
105.04,64,332.032081
105.04,64,332.087668
105.04,64,332.144744
105.04,64,332.197955
105.04,64,332.251919
105.04,64,332.307652
105.04,64,332.40583
105.04,64,332.467995
105.04,64,332.526201
105.04,64,332.98039
105.04,64,333.037202
105.04,64,333.09286
105.04,64,333.152017
105.04,64,333.208529
105.04,64,333.827531
105.04,64,333.913908
105.04,64,333.972136
105.04,64,334.027924
105.04,64,334.086572
105.04,64,334.143794
105.04,64,334.200951
104.96,68,334.261307
105.04,64,334.317674
105.04,64,334.423927
105.04,64,334.482886
105.04,64,334.538616
105.04,64,334.595848
105.04,64,334.652869
105.04,64,334.70961
105.04,64,334.766975
105.04,64,334.821984
105.04,64,334.879821
105.04,64,334.934225
105.04,64,334.991696
105.04,64,335.047034
105.04,64,335.110827
105.04,64,335.171377
105.04,64,335.228701
105.04,64,335.289281
105.04,64,335.34649
105.04,64,335.405704
105.04,64,335.867548
105.04,64,335.923441
104.04,65,335.981688
105.04,64,336.036718
105.04,64,336.09404
105.04,64,336.149101
105.04,64,336.206452
105.04,64,336.261242
105.04,64,336.318404
105.04,64,336.424892
105.04,64,336.485586
105.04,64,336.542047
105.0,66,337.105248
105.04,64,337.161317
105.04,64,337.220225
105.04,64,337.275109
105.04,64,337.334384
105.04,64,337.390146
105.04,64,337.448192
105.04,64,337.505778
105.04,64,337.562616
105.04,64,337.622184
105.04,64,337.679839
105.04,64,337.739123
105.04,64,337.793005
105.04,64,337.849155
105.04,64,337.905936
105.04,64,337.961232
105.04,64,338.017853
105.04,64,338.072206
105.04,64,338.12903
105.04,64,338.183454
105.04,64,338.696353
105.04,64,338.79301
105.04,64,338.849698
105.04,64,338.905516
105.04,64,338.962731
105.04,64,339.017271
105.04,64,339.073664
105.04,64,339.134779
105.04,64,339.191919
105.04,64,339.250114
105.04,64,339.306408
105.04,64,339.366017
105.04,64,339.421995
105.04,64,339.479931
105.04,64,339.538387
105.04,64,339.595332
105.04,64,339.65475
105.04,64,339.714904
105.04,64,339.772332
105.04,64,340.321629
105.04,64,340.429502
105.04,64,340.487031
105.04,64,340.544049
105.04,64,340.600088
105.04,64,340.655651
105.04,64,340.712548
105.04,64,340.770426
105.04,64,340.826008
105.04,64,340.883908
105.04,64,340.937681
105.04,64,340.994918
105.04,64,341.05082
105.04,64,341.506207
105.04,64,341.563548
105.04,64,341.622987
105.04,64,341.683495
105.04,64,341.737795
105.04,64,341.79438
105.04,64,341.84903
105.04,64,341.905277
105.04,64,341.959301
105.04,64,342.015595
105.04,64,342.071306
105.04,64,342.127014
105.04,64,342.183345
105.04,64,342.238348
105.04,64,342.294927
105.04,64,342.39273
105.04,64,342.458698
105.04,64,342.515904
105.04,64,342.570791
105.0,66,342.630494
105.04,64,342.686535
105.04,64,342.743428
105.04,64,342.801342
105.04,64,342.85674
105.04,64,342.915982
105.04,64,342.970393
105.0,66,343.548881
105.04,64,343.610135
105.04,64,343.669827
105.0,66,343.731389
105.04,64,343.820083
105.04,64,343.874922
105.04,64,344.325284
105.04,64,344.432441
105.04,64,344.489048
105.04,64,344.54779
105.04,64,344.602274
105.04,64,344.659298
105.0,66,344.716856
105.04,64,344.772399
105.04,64,344.829241
105.04,64,344.884751
105.04,64,344.941446
105.04,64,344.996403
105.04,64,345.053052
105.04,64,345.108261
105.04,64,345.165862
105.04,64,345.222632
105.04,64,345.278846
105.04,64,345.33698
105.04,64,345.393812
105.04,64,345.453126
105.04,64,345.509826
105.04,64,345.569429
105.04,64,345.6255
105.04,64,345.684305
105.04,64,345.742377
105.04,64,345.797109
105.04,64,345.853056
105.04,64,345.907623
105.04,64,345.963678
105.04,64,346.017647
105.04,64,346.07389
105.04,64,346.128618
105.04,64,346.60897
105.04,64,347.176458
105.04,64,347.232795
105.04,64,347.310846
105.04,64,347.380366
105.04,64,347.440145
105.04,64,347.499383
105.04,64,347.557768
105.04,64,347.615957
105.04,64,347.676177
105.04,64,347.733821
105.04,64,347.791303
105.04,64,347.845644
105.04,64,347.905138
105.04,64,347.960687
105.04,64,348.016607
105.04,64,348.072123
105.04,64,348.127851
105.04,64,348.185348
105.04,64,348.240303
105.04,64,348.297841
105.04,64,348.401421
105.04,64,348.462787
105.04,64,348.520374
105.04,64,348.576586
105.04,64,348.633372
105.04,64,348.689237
105.04,64,348.744454
105.04,64,348.801065
105.04,64,348.854761
105.04,64,348.912079
105.04,64,348.966339
105.04,64,349.384112
105.04,64,349.446233
104.0,67,349.505122
105.04,64,349.565222
105.04,64,349.625043
105.04,64,349.682843
105.04,64,349.741233
105.04,64,349.796287
105.04,64,350.407609
105.04,64,350.46971
105.04,64,350.528203
105.04,64,350.583555
105.04,64,350.641028
105.04,64,350.696276
105.04,64,350.753523
105.04,64,350.809327
105.04,64,350.866798
105.04,64,350.922873
105.04,64,350.978369
105.04,64,351.035777
105.04,64,351.091733
105.04,64,351.149996
105.04,64,351.206506
105.04,64,351.264962
105.04,64,351.320548
105.04,64,351.378827
105.04,64,351.436596
105.04,64,351.497525
105.04,64,351.558367
105.04,64,351.616743
105.04,64,351.677891
105.04,64,351.734059
04,64,351.67101
105.04,64,351.72627
105.04,64,351.262468
105.04,64,351.318082
105.04,64,351.376211
105.0,66,351.435545
105.04,64,351.496451
105.04,64,351.556663
105.04,64,351.615583
105.04,64,351.676786
105.04,64,351.731684
945
105.0,66,351.425429
105.04,64,351.487658
105.04,64,351.548316
105.04,64,351.605985
105.04,64,351.667861
105.04,64,351.723743
